-- phpMyAdmin SQL Dump
-- version 5.2.1
-- https://www.phpmyadmin.net/
--
-- Host: 127.0.0.1:3306
-- Generation Time: Jul 25, 2025 at 05:09 AM
-- Server version: 10.11.10-MariaDB-log
-- PHP Version: 7.2.34

SET SQL_MODE = "NO_AUTO_VALUE_ON_ZERO";
START TRANSACTION;
SET time_zone = "+00:00";


/*!40101 SET @OLD_CHARACTER_SET_CLIENT=@@CHARACTER_SET_CLIENT */;
/*!40101 SET @OLD_CHARACTER_SET_RESULTS=@@CHARACTER_SET_RESULTS */;
/*!40101 SET @OLD_COLLATION_CONNECTION=@@COLLATION_CONNECTION */;
/*!40101 SET NAMES utf8mb4 */;

--
-- Database: `u260680209_career_web`
--

-- --------------------------------------------------------

--
-- Table structure for table `applications`
--

CREATE TABLE IF NOT EXISTS `applications` (
  `id` bigint(20) UNSIGNED NOT NULL AUTO_INCREMENT,
  `job_id` bigint(20) UNSIGNED NOT NULL,
  `user_id` bigint(20) UNSIGNED NOT NULL,
  `employer_id` bigint(20) UNSIGNED NOT NULL,
  `applied_date` timestamp NOT NULL,
  `created_at` timestamp NULL DEFAULT NULL,
  `updated_at` timestamp NULL DEFAULT NULL,
  PRIMARY KEY (`id`),
  KEY `applications_job_id_foreign` (`job_id`),
  KEY `applications_user_id_foreign` (`user_id`),
  KEY `applications_employer_id_foreign` (`employer_id`)
) ENGINE=InnoDB AUTO_INCREMENT=25 DEFAULT CHARSET=utf8mb4 COLLATE=utf8mb4_unicode_ci;

--
-- Dumping data for table `applications`
--

INSERT INTO `applications` (`id`, `job_id`, `user_id`, `employer_id`, `applied_date`, `created_at`, `updated_at`) VALUES
(23, 61, 5, 3, '2025-07-19 08:22:11', '2025-07-19 08:22:11', '2025-07-19 08:22:11'),
(24, 58, 6, 3, '2025-07-21 10:45:40', '2025-07-21 10:45:40', '2025-07-21 10:45:40');

-- --------------------------------------------------------

--
-- Table structure for table `categories`
--

CREATE TABLE IF NOT EXISTS `categories` (
  `id` bigint(20) UNSIGNED NOT NULL AUTO_INCREMENT,
  `name` varchar(255) NOT NULL,
  `slug` varchar(255) DEFAULT NULL,
  `status` int(11) NOT NULL DEFAULT 1,
  `created_at` timestamp NULL DEFAULT NULL,
  `updated_at` timestamp NULL DEFAULT NULL,
  PRIMARY KEY (`id`)
) ENGINE=InnoDB AUTO_INCREMENT=11 DEFAULT CHARSET=utf8mb4 COLLATE=utf8mb4_unicode_ci;

--
-- Dumping data for table `categories`
--

INSERT INTO `categories` (`id`, `name`, `slug`, `status`, `created_at`, `updated_at`) VALUES
(1, 'Student Counsellor', NULL, 1, '2025-07-07 03:36:32', '2025-07-07 03:36:32'),
(2, 'Brand Ambassador', NULL, 1, '2025-07-07 03:36:32', '2025-07-07 03:36:32'),
(3, 'Graphic Designer ', NULL, 1, '2025-07-07 03:36:32', '2025-07-07 03:36:32'),
(4, 'Tele Caller Expert ', NULL, 1, '2025-07-07 03:36:32', '2025-07-07 03:36:32'),
(5, 'Digital Marketing Executive', NULL, 1, '2025-07-07 03:36:32', '2025-07-07 03:36:32'),
(6, 'Content Creator', NULL, 1, '2025-07-07 03:36:32', '2025-07-07 03:36:32'),
(7, 'SEO Specialist', NULL, 1, '2025-07-07 03:36:32', '2025-07-07 03:36:32'),
(8, 'Application Officer', NULL, 1, '2025-07-07 03:36:32', '2025-07-07 03:36:32'),
(9, 'Web Designer', NULL, 1, '2025-07-07 03:36:32', '2025-07-07 03:36:32'),
(10, 'Sale Executive', NULL, 1, '2025-07-07 03:36:32', '2025-07-07 03:36:32');

-- --------------------------------------------------------

--
-- Table structure for table `failed_jobs`
--

CREATE TABLE IF NOT EXISTS `failed_jobs` (
  `id` bigint(20) UNSIGNED NOT NULL AUTO_INCREMENT,
  `uuid` varchar(255) NOT NULL,
  `connection` text NOT NULL,
  `queue` text NOT NULL,
  `payload` longtext NOT NULL,
  `exception` longtext NOT NULL,
  `failed_at` timestamp NOT NULL DEFAULT current_timestamp(),
  PRIMARY KEY (`id`),
  UNIQUE KEY `failed_jobs_uuid_unique` (`uuid`)
) ENGINE=InnoDB DEFAULT CHARSET=utf8mb4 COLLATE=utf8mb4_unicode_ci;

-- --------------------------------------------------------

--
-- Table structure for table `jobs`
--

CREATE TABLE IF NOT EXISTS `jobs` (
  `id` bigint(20) UNSIGNED NOT NULL AUTO_INCREMENT,
  `title` varchar(255) NOT NULL,
  `slug` varchar(255) DEFAULT NULL,
  `category_id` bigint(20) UNSIGNED NOT NULL,
  `type_id` bigint(20) UNSIGNED NOT NULL,
  `user_id` bigint(20) UNSIGNED NOT NULL,
  `vacancy` int(11) DEFAULT NULL,
  `salary` varchar(255) DEFAULT NULL,
  `deadline` varchar(255) DEFAULT NULL,
  `location` varchar(255) DEFAULT NULL,
  `description` text DEFAULT NULL,
  `benefits` text DEFAULT NULL,
  `reponsibility` text DEFAULT NULL,
  `qualifications` text DEFAULT NULL,
  `keywords` text DEFAULT NULL,
  `experience` varchar(255) DEFAULT NULL,
  `company_name` varchar(255) DEFAULT NULL,
  `company_location` varchar(255) DEFAULT NULL,
  `company_website` varchar(255) DEFAULT NULL,
  `isFeatured` int(11) NOT NULL DEFAULT 0,
  `status` int(11) NOT NULL DEFAULT 1,
  `created_at` timestamp NULL DEFAULT NULL,
  `updated_at` timestamp NULL DEFAULT NULL,
  PRIMARY KEY (`id`),
  KEY `jobs_category_id_foreign` (`category_id`),
  KEY `jobs_type_id_foreign` (`type_id`),
  KEY `jobs_user_id_foreign` (`user_id`)
) ENGINE=InnoDB AUTO_INCREMENT=74 DEFAULT CHARSET=utf8mb4 COLLATE=utf8mb4_unicode_ci;

--
-- Dumping data for table `jobs`
--

INSERT INTO `jobs` (`id`, `title`, `slug`, `category_id`, `type_id`, `user_id`, `vacancy`, `salary`, `deadline`, `location`, `description`, `benefits`, `reponsibility`, `qualifications`, `keywords`, `experience`, `company_name`, `company_location`, `company_website`, `isFeatured`, `status`, `created_at`, `updated_at`) VALUES
(48, 'Student Counsellor', 'student-counsellor', 1, 1, 3, NULL, NULL, NULL, 'United Kingdom', '<p style=\"border: 0px; margin-right: 0px; margin-bottom: 1.75em; margin-left: 0px; outline: 0px; padding: 0px; text-align: justify;\"><font color=\"#040404\" face=\"-apple-system, BlinkMacSystemFont, Segoe UI, Roboto, Oxygen, Ubuntu, Cantarell, Open Sans, Helvetica Neue, sans-serif\"><span style=\"font-size: 18px;\">AIMS Education is an Education Consultancy firm that helps international students to secure university admission. We are currently looking for four counsellors to join our team based in Lagos.</span></font></p><p style=\"border: 0px; margin-right: 0px; margin-bottom: 1.75em; margin-left: 0px; outline: 0px; padding: 0px; text-align: justify;\"><strong style=\"color: rgb(4, 4, 4); font-family: -apple-system, BlinkMacSystemFont, &quot;Segoe UI&quot;, Roboto, Oxygen, Ubuntu, Cantarell, &quot;Open Sans&quot;, &quot;Helvetica Neue&quot;, sans-serif; font-size: 18px;\">Skills requirements:</strong></p><ul><li>Can persuade and influence, gain leverage of others, persistence, resilience, confidence in their ability to close deals</li><li>Provide first class customer service</li><li>Excellent communication, interpersonal, problem-solving, presentation, and organizational skills</li><li>Proven success rate at levels above quotas and sales goals</li><li>Good English in written and oral</li><li>Personal and Interpersonal Attributes</li><li>Active, energetic and enthusiastic</li><li>Patient and conscientious</li><li>Engage people in interactions</li><li>Friendly, sociable, outgoing, emotionally intelligent, confident presence</li></ul>', NULL, '<ul style=\"outline: none !important;\"><li><span style=\"font-size: 16px;\">Advise international students on university opportunities in the UK</span></li><li>Advise international students on application and visa procedures</li><li style=\"outline: none !important;\">Market and promote educational institutions represented by the company to students</li><li>Maintain accurate ledger of student details and applications in CRM system</li><li>Liaise with university students, other offices and client institutions</li><li>Create and build relationships with university students</li><li>Create personal marketing strategies to engage clients</li><li>Complete accurate administrative tasks for the role</li></ul>', '<p><span style=\"color: rgb(4, 4, 4); font-family: -apple-system, BlinkMacSystemFont, &quot;Segoe UI&quot;, Roboto, Oxygen, Ubuntu, Cantarell, &quot;Open Sans&quot;, &quot;Helvetica Neue&quot;, sans-serif; font-size: 18px; text-align: justify;\">&nbsp;</span><span style=\"color: rgb(4, 4, 4); font-family: -apple-system, BlinkMacSystemFont, &quot;Segoe UI&quot;, Roboto, Oxygen, Ubuntu, Cantarell, &quot;Open Sans&quot;, &quot;Helvetica Neue&quot;, sans-serif; font-size: 18px; text-align: justify;\">An undergraduate degree from any country. An applicant with a Business and IT background will be given priority.</span></p>', 'Student Counsellor', '1', 'AIMS Education UK (Head Office)', 'Princess Caroline House (Ground Floor), 1 High St, Southend-on-Sea SS1 1JE, United Kingdom', 'https://aimseducation.co.uk/', 0, 0, '2025-07-15 00:05:54', '2025-07-15 01:00:36'),
(49, 'Student Counsellor', 'hiring-6-student-counsellors-in-kochi-branch', 1, 1, 3, 6, NULL, NULL, 'India', '<p>We are a leading student consultancy firm based in Kochi, dedicated to guiding students towards achieving their educational and career goals. Our team of experienced professionals provides comprehensive services to students, from educational counselling to visa assistance and career planning.</p><p><br></p><p><strong>☛Position Overview:</strong></p><p>We are seeking a compassionate and dynamic Student Counsellor to join our team. The ideal candidate will have a passion for helping students navigate their academic and career pathways, providing them with the support and guidance they need to make informed decisions.</p><p><br></p><p><strong>☛Skills:&nbsp;&nbsp;</strong></p><p>&nbsp; &nbsp; Proven experience as a student counsellor or in a similar role.</p><p>&nbsp; &nbsp; Excellent communication and interpersonal skills.</p><p>&nbsp; &nbsp; Strong organizational and time-management abilities.</p><p>&nbsp; &nbsp; Empathy and the ability to build rapport with students.</p><p>&nbsp; &nbsp; Knowledge of the education system and application processes for universities in India and abroad.</p><p><br></p><p><strong>☛How to Apply:</strong></p><p>Interested candidates are invited to submit their resumes and a cover letter detailing their relevant experience and why they are a good fit for this role.&nbsp;</p><p>Join us in helping students achieve their dreams and build successful futures!</p>', '<p></p><ul><li>Opportunity to make a significant impact on students’ lives and futures.</li><li>A supportive and collaborative work environment.</li><li>Competitive salary with negotiable terms based on experience and qualifications.</li><li>Continuous professional development opportunities.</li></ul><p></p>', '<p></p><ul><li>Provide one-on-one counselling sessions to students regarding their educational and career aspirations.</li><li>&nbsp;Assist students in identifying suitable courses, universities, and career paths based on their interests, strengths, and goals.</li><li>Guide students through the application processes for universities and scholarships.</li><li>Offer support and advice on visa applications and other necessary documentation.</li><li>Develop and maintain relationships with educational institutions and other stakeholders.</li><li>Stay updated on the latest trends and developments in the education sector.</li></ul><p></p><p><br></p>', '<p></p><ul><li>&nbsp;Bachelor’s degree in Psychology, Education, Counseling, or a related field (Master’s degree preferred)<br></li></ul><p></p>', 'Student Counsellor', '1', 'AIMS Education', 'Unit No. 3A, 3rd Floor, KG Oxford Business Center, Sreekandath Road, Ravipuram, Kochi, Ernakulam District, Kerala 682016', 'https://aimseducation.co.uk', 0, 1, '2025-07-16 00:13:16', '2025-07-16 00:31:45'),
(50, 'Senior International Student Counsellor', 'senior-student-counsellor-india', 1, 1, 3, 2, NULL, '06 December, 2025', 'Calicut, India', '<p>Join AIMS Education – Now Hiring Senior International Student Counsellors in Calicut!</p><p>AIMS Education is a leading study abroad consultancy, helping students secure university admissions in the UK, USA, Canada, EU, and UAE. We are expanding and opening a new branch in Calicut, and we’re looking for passionate and dynamic Senior International Student Counsellors to join our team.</p><p>Apply now and help students turn their dreams into reality!:</p><p>Interested candidates are invited to submit their resumes and a cover letter detailing their relevant experience and why they are a good fit for this role. Apply Online.</p><p>Your guidance today can shape a student’s future tomorrow!</p>', '<p></p><ul><li>&nbsp; &nbsp; Be part of a fast-growing international education company.</li><li>&nbsp; &nbsp; Work in a supportive and interactive environment.</li><li>&nbsp; &nbsp; Network with top universities and students worldwide.</li><li>&nbsp; &nbsp; Competitive salary, incentives, and career growth opportunities.</li></ul><p></p><p><br></p><p></p><ul><li>&nbsp; &nbsp; Opportunity to make a significant impact on students’ lives and futures.</li><li>&nbsp; &nbsp; A supportive and collaborative work environment.</li><li>&nbsp; &nbsp; Competitive salary with negotiable terms based on experience and qualifications.</li><li>&nbsp; &nbsp; Continuous professional development opportunities.</li></ul><p></p>', '<p></p><ul><li>Guide students on study opportunities, applications, and visa processes.</li><li>Promote top global universities to potential students.</li><li>Manage student applications and records in the CRM.&nbsp; &nbsp;&nbsp;</li><li>Build strong relationships with students and partner institutions.</li><li>Collaborate with the marketing team to create engaging promotional content.</li></ul><p></p>', '<p></p><ul><li>Minimum 2 years of experience in study abroad counselling.</li></ul><p></p>', 'Senior International Student Counsellor', '1', 'AIMS Education', 'Calicut, Kerala, India', 'https://aimseducation.co.uk', 0, 1, '2025-07-16 00:39:02', '2025-07-21 12:37:02'),
(51, 'Senior Student Counsellor', 'senior-student-counsellor-for-pakistan-branch', 1, 1, 3, 2, NULL, '04 December, 2025', 'Multan, Pakistan', '<p>We are a leading student consultancy firm dedicated to guiding students \r\ntowards their academic and career goals. Our firm is committed to \r\nproviding expert advice and personalized support to students seeking \r\nhigher education opportunities both locally and internationally.</p><p><strong>☛Requirements:</strong></p><p></p><ul><li>Previous experience in academic counselling or a related field.</li><li>Strong interpersonal and communication skills.</li><li>Ability to work independently and as part of a team.</li><li>Proficiency in Microsoft Office and other relevant software.</li><li>Knowledge of the educational system in Pakistan and international education systems.</li></ul><p><br></p><p><strong>☛Skills:</strong></p><p></p><p></p><ul><li>Excellent communication and interpersonal skills.</li><li>Strong organizational and time-management abilities.</li><li>Ability to handle sensitive and confidential information.</li><li>Empathy and understanding towards students’ needs and challenges.</li><li>Problem-solving skills and the ability to think critically.</li></ul><p></p><p></p><p><br></p><p>Interested candidates are invited to submit their resumes and a cover letter outlining their qualifications and experience.</p><p></p><p>We are an equal-opportunity employer. We celebrate diversity and are \r\ncommitted to creating an inclusive environment for all employees.</p><p>\r\n\r\n\r\n\r\n\r\n\r\n\r\n\r\n</p><p>Join our team and make a difference in the lives of students!</p><p></p><p><br></p><p></p>', '<p></p><ul><li>Competitive salary (negotiable based on experience and qualifications).</li><li>Professional development opportunities.</li><li>Supportive and collaborative work environment.</li><li>Opportunities to travel for conferences and training sessions.</li></ul><p></p><p><br></p>', '<p></p><ul><li>Provide comprehensive counselling to students regarding academic programs, career planning, and educational opportunities.</li><li>Assist students in the application process for admissions, scholarships, and financial aid.</li><li>Conduct informational sessions, workshops, and seminars on various educational topics.</li><li>Maintain up-to-date knowledge of educational trends, admission requirements, and scholarship opportunities.</li><li>Develop and maintain strong relationships with educational institutions, students, and parents.</li><li>Monitor and evaluate students’ progress and provide ongoing support as needed.</li></ul><p></p><p><br></p>', '<p></p><ul><li>Bachelor’s degree in Education, Psychology, or a related field (Master’s degree preferred).</li></ul><p></p>', 'Senior Student Counsellor', '1', 'AIMS Education', 'Ward No x111 , Property No 800/5/E, Goushe Azam Road, Near Nandla Chowk, Bosan Town, Multan, Punjab, Pakistan', 'https://aimseducation.co.uk', 0, 1, '2025-07-16 00:45:28', '2025-07-21 12:37:26'),
(52, 'Content Creator', 'content-creator', 6, 1, 3, 2, NULL, '10 December, 2025', 'Kochi, India', '<p>We are looking for a Content Creator in Kochi branch to write and \r\npublish various types of pieces for our company’s web pages, like \r\ncompany’s web pages, like articles, YouTube videos and social media \r\nposts. Content Creator responsibilities include producing marketing copy\r\n to advertise our products, writing blog posts about industry-related \r\ntopics and promoting our content on social media.</p><p><strong>Language Skills:</strong></p><p>Fluent in English and Malayalam</p>', NULL, '<p></p><ul><li>Research industry-related topics</li><li>Prepare well-structured drafts using digital publishing platforms</li><li>Create and distribute marketing copy to advertise our company and products</li><li>Edit and proofread written pieces before publication</li><li>Conduct keyword research and use SEO guidelines to optimize content</li><li>Promote content on social networks and monitor engagement (e.g. comments and shares)</li><li>Identify customers’ needs and recommend new topics</li><li>Coordinate with marketing and design teams to illustrate articles</li><li>Measure web traffic to content (e.g. conversion and bounce rates)</li><li>Requirements and skills-</li><li>Proven work experience as a Content Creator, Copywriter or similar role</li><li>Excellent writing and editing skills in English &amp; Malayalam.</li><li>An ability to fact-check long-form content pieces</li><li>Time-management skills</li><li>Familiarity with SEO.</li><li>BSc in Marketing, English, Journalism or relevant field.</li></ul><p></p><p><br></p>', '<p></p><ul><li>BSc in Marketing, English, Journalism or relevant field.</li></ul><p></p>', 'Content Creator', '1', 'AIMS Education', 'Unit No. 3A, 3rd Floor, KG Oxford Business Center, Sreekandath Road, Ravipuram, Kochi, Ernakulam District, Kerala 682016', 'https://aimseducation.co.uk', 0, 1, '2025-07-16 00:52:44', '2025-07-21 12:37:48'),
(53, 'SEO Specialist', 'seo-specialist', 7, 1, 3, 2, NULL, '02 December, 2025', 'Dhaka, Bangladesh', '<p>Are you passionate about fostering diversity, supporting education, and \r\nconnecting with talented individuals from around the world? We are \r\nexcited to announce job opening for SEO Specialist.</p><p><br></p><p><strong>Requirements&nbsp; &nbsp; &nbsp;</strong></p><p></p><ul><li>&nbsp; &nbsp; Age 22 to 35 years</li><li>&nbsp; &nbsp; Proven experience as an SEO Specialist or similar role.</li><li>&nbsp; &nbsp; Solid understanding of current SEO best practices and search engine algorithms.</li><li>&nbsp; &nbsp; Proficiency in using SEO tools such as Moz, Ahrefs, or SEMrush.</li><li>&nbsp; &nbsp; Excellent analytical skills with the ability to draw insights from data.</li><li>&nbsp; &nbsp; Strong communication and collaboration skills.</li><li>&nbsp; &nbsp; Knowledge of HTML, CSS, and other web development languages is a plus.</li><li>&nbsp; &nbsp; Certifications in SEO or related fields are desirable.</li></ul><p></p><p><br></p>', NULL, '<p></p><p>We are seeking a talented and experienced SEO Specialist to join our dynamic marketing team. As an SEO Specialist, you will be responsible for implementing and managing search engine optimization strategies to enhance our online presence and drive organic traffic. The ideal candidate has a proven track record of successful SEO implementations, stays updated on industry trends, and is passionate about improving search engine rankings.</p><p></p><p></p><ul><li>&nbsp; &nbsp; Conduct comprehensive keyword research to identify opportunities for website optimization.</li><li>&nbsp; &nbsp; Implement on-page and off-page SEO strategies to improve search engine rankings.</li><li>&nbsp; &nbsp; Analyze website performance using tools such as Google Analytics and provide regular reports on key metrics.</li><li>&nbsp; &nbsp; Collaborate with content creators to optimize website content for SEO.</li><li>&nbsp; &nbsp; Monitor and manage the company’s online reputation through effective local SEO strategies.</li><li>&nbsp; &nbsp; Stay informed about search engine algorithms and industry trends to adapt strategies accordingly.</li><li>&nbsp; &nbsp; Develop and implement link-building strategies to enhance the website’s authority.</li><li>&nbsp; &nbsp; Provide SEO recommendations to improve website structure, user experience, and overall performance.</li><li>&nbsp; &nbsp; Stay up-to-date with the latest SEO tools and technologies.</li></ul><p></p><p><br></p>', '<p></p><ul><li>Bachelor degree in any discipline.</li></ul><p></p>', 'SEO Specialist', '3', 'AIMS Education', 'House-42 (3rd Floor), Road-12, Block-E, Banani, Dhaka-1213, Bangladesh', 'https://aimseducation.co.uk', 0, 1, '2025-07-16 01:10:16', '2025-07-21 12:38:26'),
(54, 'Student Counsellor', 'student-counsellor-for-nigeria-branch', 1, 1, 3, 2, NULL, '02 December, 2025', 'Nigeria', '<p>Are you looking for a challenging and rewarding career? Do you have what\r\n it takes to become a specialist International education adviser? Then \r\nThe Student Counselors role with Multinational Company, AIMS Education \r\nNigeria branch could be a great opportunity to get your career settled \r\nand become part of a global team. We have also global branches in the \r\nUK, Bangladesh, Algeria, Ghana, India, Pakistan.</p><p><strong><br></strong></p><p><strong>Language Skills:</strong></p><p>Fluent in English</p>', NULL, '<p></p><ul><li>Advise students on university opportunities in the UK/USA/Canada/Australia/Europe</li><li>Advise students on application and visa procedures</li><li>Market and promote educational institutions represented by the company to students</li><li>Maintain accurate ledger of student details and applications in CRM system</li><li>Liaise with university, students, other offices and client institutions</li><li>Create and build relationships with university students</li><li>Create personal marketing strategies to engage clients</li><li>Complete accurate administrative tasks for the role</li><li>Create promotional videos with the help of Marketing team</li></ul><p></p><p><br></p>', '<p></p><ul><li>An undergraduate degree from any country. An applicant with a Business and IT background will be given priority.</li></ul><p></p>', 'Student Counsellor', '1', 'AIMS Education', 'Hive Mall, 2nd Floor, 117 T.F. Kuboye Road, Maroko, Lekki, Lagos, 106104, Nigeria', 'https://aimseducation.co.uk', 0, 1, '2025-07-16 02:11:00', '2025-07-21 12:33:40'),
(55, 'SEO Specialist', 'seo-specialist-for-india', 7, 1, 3, 1, NULL, '01 December, 2025', 'India', '<p>Are you passionate about fostering diversity, supporting education, and \r\nconnecting with talented individuals from around the world? We are \r\nexcited to announce job opening for SEO Specialist.</p><p><strong>Requirements</strong></p><p></p><ul><li>Age 22 to 35 years</li><li>Proven experience as an SEO Specialist or similar role.</li><li>Solid understanding of current SEO best practices and search engine algorithms.</li><li>Proficiency in using SEO tools such as Moz, Ahrefs, or SEMrush.</li><li>Excellent analytical skills with the ability to draw insights from data.</li><li>Strong communication and collaboration skills.</li><li>Knowledge of HTML, CSS, and other web development languages is a plus.</li><li>Certifications in SEO or related fields are desirable.</li></ul><p></p>', NULL, '<p>We are seeking a talented and experienced SEO Specialist to join our dynamic marketing team. As an SEO Specialist, you will be responsible for implementing and managing search engine optimization strategies to enhance our online presence and drive organic traffic. The ideal candidate has a proven track record of successful SEO implementations, stays updated on industry trends, and is passionate about improving search engine rankings.</p><p></p><ul><li>Conduct comprehensive keyword research to identify opportunities for website optimization.</li><li>Implement on-page and off-page SEO strategies to improve search engine rankings.</li><li>Analyze website performance using tools such as Google Analytics and provide regular reports on key metrics.</li><li>Collaborate with content creators to optimize website content for SEO.</li><li>Monitor and manage the company’s online reputation through effective local SEO strategies.</li><li>Stay informed about search engine algorithms and industry trends to adapt strategies accordingly.</li><li>Develop and implement link-building strategies to enhance the website’s authority.</li><li>Provide SEO recommendations to improve website structure, user experience, and overall performance.</li><li>Stay up-to-date with the latest SEO tools and technologies.</li></ul><p></p><p><br></p>', '<p></p><ul><li>Bachelor degree in any discipline</li></ul><p></p>', 'SEO Specialist', '1', 'AIMS Education', 'Kochi, India', 'https://aimseducation.co.uk', 0, 1, '2025-07-16 02:15:07', '2025-07-21 12:33:57'),
(56, 'Senior Student Counsellor', 'senior-student-counsellor-for-nigeria-branch', 1, 1, 3, 2, NULL, '20 December, 2025', 'Nigeria', '<p>AIMS Education is a leading student consultancy firm dedicated to guiding students towards achieving their academic and career aspirations. With a reputation for excellence and a commitment to personalized service, we help students navigate the complexities of higher education both locally and internationally.</p><p><strong>☛Position Overview:</strong></p><p>We are seeking a dynamic and experienced Senior Student Counsellor to join our team. The ideal candidate will possess a deep understanding of the educational landscape, excellent interpersonal skills, and a passion for helping students succeed. As a Senior Student Counsellor, you will play a pivotal role in providing expert advice and support to students throughout their educational journey.</p><p><strong>☛How to Apply:</strong></p><p>Interested candidates are invited to submit their resume and a cover \r\nletter detailing their relevant experience and why they are the ideal \r\ncandidate for this position.&nbsp;</p>', '<p></p><ul><li>A competitive salary (negotiable based on experience).</li><li>A supportive and collaborative work environment.</li><li>Opportunities for professional development and career growth.</li><li>The chance to make a meaningful impact on students’ lives.</li></ul><p></p><p><br></p>', '<p></p><ol><li><span style=\"font-size: 16px;\">Provide comprehensive counselling to students on educational opportunities and career pathways.</span></li></ol><ul><li>Assist students in the application process for local and international institutions.</li><li>Conduct detailed assessments of students’ academic backgrounds and career aspirations to recommend suitable programs and institutions.</li><li>Organize and lead information sessions, workshops, and seminars for students and parents.</li><li>Maintain up-to-date knowledge of educational trends, admission requirements, and scholarship opportunities.</li><li>Develop and implement strategies to enhance the consultancy’s service offerings.</li><li>Collaborate with educational institutions and industry partners to build and maintain strong relationships.</li><li>Mentor and support junior counsellors, providing guidance and professional development opportunities.</li></ul><p></p><p><br></p>', '<p></p><ul><li>Bachelor’s degree in Education, Psychology, or a related field; a Master’s degree is preferred.</li><li>In-depth knowledge of the Nigerian and international educational systems.</li><li>Proven track record of successfully guiding students through the application process.</li><li>Strong organizational, communication, and interpersonal skills.</li><li>Ability to work independently and as part of a team.</li><li>Proficiency in Microsoft Office Suite and student management systems.</li></ul><p></p><p><br></p>', 'Senior Student Counsellor', '3', 'AIMS Education', 'Hive Mall, 2nd Floor, 117 T.F. Kuboye Road, Maroko, Lekki, Lagos, 106104, Nigeria', 'https://aimseducation.co.uk', 1, 1, '2025-07-16 02:20:37', '2025-07-21 12:34:25'),
(57, 'Digital Marketing Expert', 'digital-marketing-expert', 5, 1, 3, 1, NULL, '01 December, 2025', 'Dhaka', '<p>Are you passionate about fostering diversity, supporting education, and connecting with talented individuals from around the world? We are excited to announce job opening for Digital Marketing Expert.</p><p><strong>Requirements</strong></p><p></p><ul><li>Age 25 to 35 years</li><li>Digital Marketing , Graphic Design</li><li>The applicants should have experience in the following business area(s):</li></ul><p></p><p>Consulting Firms, Immigration/Visa Processing</p><p><br></p>', '<p></p><ul><li>Compensation &amp; Other Benefits</li><li>Performance bonus</li><li>Salary Review: Yearly</li><li>Festival Bonus: 2</li></ul><p></p>', '<p></p><ul><li>Plans and executes all web, SEO/SEM/SMM, database marketing, email marketing, social media marketing, google AdSense, media buying and display advertising campaigns. Designs, builds and maintains our social media presence.</li><li>Graphic Designing, Motion Graphics, ex: static, dynamic·</li><li>&nbsp;Production ex; Scriptwriting, shooting, post-production·</li><li>Content writing (in English)· Data driven digital marketing ability.</li><li>Measures and reports the performance of all digital marketing campaigns and assesses against goals (ROI and KPIs).</li><li>Identifies trends and insights and optimizes spend and performance based on the insights.</li><li>Brainstorms new and creative growth strategies through digital marketing.</li><li>Plans, executes and measures experiments and conversion tests.</li><li>Collaborates with internal teams to create landing pages and optimize the user experience.</li><li>Utilizes strong analytical ability to evaluate end-to-end customer experience across multiple channels and customer touchpoints.</li><li>Identifies critical conversion points and drop-off points and optimizes user funnels.</li><li>Collaborates with agencies and other vendor partners.</li><li>Evaluates emerging technologies.</li><li>Provides thought leadership and perspective for adoption where appropriate.</li></ul><p></p><p><br></p>', '<p></p><ul><li>Bachelor/Honors</li></ul><p></p>', 'Digital Marketing Expert', '2', 'AIMS Education', 'House-42 (3rd Floor), Road-12, Block-E, Banani, Dhaka-1213, Bangladesh', 'https://aimseducation.co.uk', 0, 1, '2025-07-16 02:27:55', '2025-07-21 12:35:15'),
(58, 'Student Counsellor', 'student-counsellor-for-ghana-branch', 1, 1, 3, 2, NULL, '12 December, 2025', 'Ghana', '<p>Are you looking for a challenging and rewarding career? Do you have what\r\n it takes to become a specialist International education adviser? Then \r\nThe Student Counselors role with Multinational Company, AIMS Education \r\nGhana branch could be a great opportunity to get your career settled and\r\n become part of a global team. We have also global branches in the UK, \r\nBangladesh, Algeria, Nigeria, India, Pakistan.</p><p><br></p><p><strong>Language Skills:</strong></p><p>Fluent in English</p>', NULL, '<p></p><ul><li>Advise students on university opportunities in the UK/USA/Canada/Australia/Europe</li><li>Advise students on application and visa procedures</li><li>Market and promote educational institutions represented by the company to students</li><li>Maintain accurate ledger of student details and applications in CRM system</li><li>Liaise with university, students, other offices and client institutions</li><li>Create and build relationships with university students</li><li>Create personal marketing strategies to engage clients</li><li>Complete accurate administrative tasks for the role</li><li>Create promotional videos with the help of Marketing team</li></ul><p></p><p><br></p>', '<p></p><ul><li>An undergraduate degree from any country. An applicant with a Business and IT background will be given priority.</li></ul><p></p>', 'Student Counsellor', '1', 'AIMS Education', 'Unit 13, First Floor, SoroMall, Spintex Rd, Accra, Ghana', 'https://aimseducation.co.uk', 0, 1, '2025-07-16 02:31:48', '2025-07-21 12:35:36'),
(59, 'Graphics Designer & Video Editor', 'graphics-designer-video-editor', 3, 1, 3, 2, NULL, '04 December, 2025', 'Dhaka, Bangladesh', '<p>AIMS Education is a leading firm dedicated to helping students achieve their dreams of studying abroad. We provide personalized consulting services to ensure students find the best educational opportunities worldwide. We pride ourselves on our commitment to quality and our comprehensive support, from admission application.</p><p>We are seeking a creative and skilled Graphics Designer and Video Editor to join our dynamic team. The ideal candidate will be responsible for creating visually stunning graphics and engaging video content that aligns with our brand and helps communicate our message effectively to our audience.</p><p><strong>☛How to Apply:</strong></p><p>Interested candidates are requested to send their CV, portfolio, and a cover letter explaining why they are a perfect fit for this role</p>', '<p></p><ul><li>Opportunity to be a part of a growing company making a significant impact on students’ futures.</li><li>Collaborative and supportive work environment.</li><li>Competitive salary (negotiable based on experience and skill level).</li><li>Chance to work on diverse and exciting projects.</li></ul><p></p><p><br></p>', '<p></p><ul><li>Design visually appealing graphics for social media, website, and print materials.</li><li>Create engaging video content for marketing campaigns, including promotional videos, testimonials, and informational content.</li><li>Collaborate with the marketing team to develop creative concepts and execute them.</li><li>Ensure all graphics and video content align with the company’s branding and marketing goals.</li><li>Edit raw video footage and add effects/elements to enhance motion graphics.</li><li>Stay updated with the latest design trends and tools to ensure cutting-edge content.</li></ul><p></p><p><br></p>', '<p></p><ul><li>Proven experience as a Graphics Designer and Video Editor.</li><li>Proficiency in design software such as Adobe Creative Suite (Photoshop, Illustrator, Premiere Pro, After Effects).</li><li>Strong portfolio showcasing creative design and video editing skills.</li><li>Excellent communication and teamwork skills.</li><li>Ability to work under tight deadlines and manage multiple projects simultaneously.</li><li>A keen eye for aesthetics and details.</li><li>Knowledge of current trends in graphic design and video production.</li></ul><p></p><p><br></p>', 'Graphics Designer & Video Editor', '1', 'AIMS Education', 'House-42 (3rd Floor), Road-12, Block-E, Banani, Dhaka-1213, Bangladesh', 'https://aimseducation.co.uk', 0, 1, '2025-07-16 02:37:44', '2025-07-21 12:36:02'),
(60, 'Senior Student Counsellor', 'senior-student-counsellor-for-ghana-branch', 1, 1, 3, 2, NULL, '10 December, 2025', 'Ghana', '<p>At AIMS Education, we believe in shaping futures, one student at a time. Our vibrant and innovative student consultancy firm in Ghana is dedicated to unlocking educational and career opportunities for young minds. We pride ourselves on our personalized approach and our commitment to the success of each student we work with.</p><p><strong>☛Job Summary:</strong></p><p>Are you passionate about guiding students towards their dreams? Do you thrive on helping others navigate their educational paths? If so, we have an exciting opportunity for you! We are looking for a Senior Student Counsellor who is not just experienced, but also enthusiastic and creative in their approach to student guidance. Join our team and play a pivotal role in transforming lives and futures.</p><p><strong>☛How to Apply:</strong></p><p>If you are ready to embark on this rewarding journey with us, please send your CV and a cover letter outlining your relevant experience and motivation.</p>', '<p></p><ul><li>Impact: Be a part of a team that truly makes a difference in students’ lives.</li><li>Growth: Opportunities for professional development and career growth.</li><li>Culture: Work in a supportive and inspiring environment where your contributions are valued.</li><li>Innovation: Engage with a forward-thinking team that embraces new ideas and solutions.</li></ul><p></p>', '<p></p><ul><li>Inspire and Guide: Offer tailored counselling sessions that inspire students to reach their full potential academically and personally.</li><li>Application Assistance: Support students through the often daunting application processes for universities, scholarships, and internships with precision and care.</li><li>Engage and Educate: Conduct engaging workshops and seminars on a variety of crucial topics including study strategies, career planning, and mental health.</li><li>Collaborate for Success: Work hand-in-hand with educational institutions and partners to open doors for our students.</li><li>Track Progress: Maintain meticulous records of student interactions and milestones, ensuring each student’s journey is well-documented and celebrated.</li><li>Stay Ahead: Keep abreast of the latest trends and developments in the education sector to provide cutting-edge advice.</li></ul><p></p>', '<p></p><ul><li>Educational Background: A bachelor’s degree in Education, Psychology, Counseling, or a related field is required. A master’s degree would be a significant plus.</li><li>Experience: Demonstrable experience in student counselling or a similar role.</li><li>Communication Skills: Exceptional communication and interpersonal skills to connect with students and stakeholders.</li><li>Organizational Skills: Strong organizational skills with a keen eye for detail.</li><li>Team Player: Ability to work both independently and collaboratively within a dynamic team environment.</li><li>Empathy and Passion: A genuine desire to help students succeed and an empathetic approach to counselling.</li></ul><p></p>', 'Student Counsellor', '1', 'AIMS Education', 'Unit 13, First Floor, SoroMall, Spintex Rd, Accra, Ghana', 'https://aimseducation.co.uk', 1, 1, '2025-07-16 02:42:11', '2025-07-21 12:33:01'),
(61, 'Senior International Student Recruitment Officer', 'senior-international-student-recruitment-officer-in-kenya', 1, 4, 3, 2, NULL, '15 December, 2025', 'Nairobi, Kenya', '<p>Are you passionate about connecting students with life-changing educational opportunities? Do you thrive in a dynamic and multicultural environment? We are seeking a highly motivated and experienced individual to join our team as a Senior International Student Recruitment Officer focused on Kenya. This is an exciting opportunity to play a key role in shaping the educational journey of students from Kenya and beyond.</p><p><br></p><p>If you are a results-driven individual with a passion for international education and a deep understanding of the Kenyan education landscape, we want to hear from you!</p><p><strong>How to Apply:</strong></p><p>Interested candidates should submit their resume and cover letter outlining their approach to international student recruitment in Kenya.</p>', '<p></p><ul><li>Competitive salary and benefits package.</li><li>Opportunities for professional development and growth.</li><li>A supportive and collaborative work environment.</li><li>The chance to make a significant impact on the lives of students.</li></ul><p></p>', '<p></p><ul><li>Develop and implement a comprehensive recruitment strategy for attracting high-caliber international students from Kenya.</li><li>Establish and maintain strong relationships with educational institutions, agents, and key stakeholders in Kenya.</li><li>Coordinate and participate in recruitment events, fairs, and outreach activities to promote our institution and programs.</li><li>Provide guidance and support to prospective students throughout the admissions process, ensuring a smooth and positive experience.</li><li>Collaborate with internal teams to enhance marketing materials, digital content, and communication strategies targeted at the Kenyan market.</li><li>Stay informed about immigration policies, educational trends, and industry developments to provide accurate information to prospective students.</li></ul><p></p><p><br></p>', '<p></p><ul><li>Bachelor’s degree in a relevant field (Master’s degree preferred).</li><li>Proven experience in international student recruitment, particularly within the Kenyan market.</li><li>Strong knowledge of the education system in Kenya and familiarity with international admissions processes.</li><li>Excellent interpersonal and communication skills.</li><li>Ability to work independently and as part of a diverse team.</li><li>Familiarity with digital marketing and social media platforms.</li><li>Willingness to travel domestically and internationally as needed.</li></ul><p></p><p><br></p>', 'Senior International Student Recruitment Officer', '1', 'AIMS Education', 'Nairobi, Kenya', 'https://aimseducation.co.uk', 0, 1, '2025-07-16 02:47:27', '2025-07-21 12:32:38'),
(62, 'Application Officer', 'application-officer-in-ghana', 8, 1, 3, 1, NULL, '05 December, 2025', 'Accra, Ghana', '<p>We are looking for a dedicated and detail-oriented Application Officer to join our dynamic team. The successful candidate will play a pivotal role in assisting students throughout the application process, ensuring a seamless and positive experience.</p><p><strong>☛Key requirements:</strong></p><p></p><ul><li>&nbsp; &nbsp; Previous experience in a student consultancy or educational advisory role is preferred.</li><li>&nbsp; &nbsp; Strong understanding of international education systems and application processes.</li><li>&nbsp; &nbsp; Excellent communication and interpersonal skills.</li><li>&nbsp; &nbsp; Exceptional organizational skills and attention to detail.</li><li>&nbsp; &nbsp; Ability to work independently and as part of a team.</li><li>&nbsp; &nbsp; Proficiency in Microsoft Office Suite and other relevant software.</li></ul><p><br></p><p><strong>☛Language Skill:</strong></p><p></p><p></p><ul><li>Fluent in English</li></ul><p></p><p><br></p>', '<ul style=\"font-family: Inter-Regular;\"><li>Competitive salary and benefits package.</li><li>Opportunities for professional development and growth.</li><li>A supportive and collaborative work environment.</li><li>The chance to make a significant impact on the lives of students.</li></ul>', '<p></p><ul><li>Guide students through the application process from initial consultation to submission.</li><li>Review and edit application materials including essays, resumes and recommendation letters.</li><li>Provide accurate information on admission requirements, deadlines and procedures.</li><li>Maintain up-to-date knowledge of international educational institutions and programs.</li><li>Coordinate with educational institutions to ensure timely processing of applications.</li><li>Organize and conduct informational sessions and workshops for prospective students.</li><li>Maintain detailed and organized records of all applications and communications.</li></ul><p></p><p><br></p>', '<p></p><p></p><ul><li>Minimum Bachelor’s degree in Education, Counseling, Business Administration, or a related field.</li></ul><p></p><p></p>', 'Application Officer', '1', 'AIMS Education', 'Unit 13, First Floor, SoroMall, Spintex Rd, Accra, Ghana', 'https://aimseducation.co.uk', 0, 1, '2025-07-16 02:53:08', '2025-07-21 12:32:18'),
(63, 'Application Officer', 'application-officer-lahore-pakistan', 8, 1, 3, 1, NULL, '10 December, 2025', 'Lahore, Pakistan', '<p>Are you passionate about helping students achieve their educational dreams? Do you have a keen eye for detail and a knack for navigating complex application processes? If so, we have an exciting opportunity for you!</p><p>We are a renowned student consultancy firm in Lahore, dedicated to guiding students towards their academic and career aspirations abroad. We are seeking a dynamic and motivated Application Officer to join our team.</p><p><br></p><p><strong>☛Requirements:</strong></p><p></p><ul><li>Experience: Minimum of 1 years of experience in student consultancy, education counselling or a similar role or fresher can also apply.</li></ul><p></p><p><strong>☛Skills:</strong></p><p></p><ul><li>Strong organizational and multitasking abilities.</li><li>Excellent communication and interpersonal skills.</li><li>Proficiency in Microsoft Office Suite.</li><li>Ability to work independently and as part of a team.</li><li>Knowledge: In-depth understanding of international education systems and admission processes, particularly for countries like the USA, UK, Canada, and Australia.</li></ul><p></p><p><strong>☛Personal Attributes:</strong></p><p></p><ul><li>Detail-oriented and thorough.</li><li>Empathetic and student-focused.</li><li>Proactive and solution-oriented mindset.</li></ul><p><br></p><p>If you are ready to take on this rewarding role and contribute to the success of our students, please submit your resume and a cover letter detailing your relevant experience and why you are the ideal candidate for this position,&nbsp;</p><p></p>', '<p></p><ul><li>Impact: Make a significant difference in the lives of students by helping them achieve their educational goals.</li><li>Growth: Opportunity for professional development and career advancement within the company.</li><li>Environment: Work in a supportive, collaborative, and innovative environment.</li></ul><p></p>', '<p></p><ul><li>Application Management: Oversee the end-to-end application process for students, ensuring timely and accurate submission of documents.</li><li>Advisory Services: Provide expert advice to students and their families on educational opportunities, admission requirements and application procedures.</li><li>Documentation: Assist students in preparing and reviewing their application materials including personal statements, essays, and recommendation letters.</li><li>Liaison: Act as a liaison between students and educational institutions, ensuring clear and effective communication.</li><li>Follow-Up: Track application statuses and provide regular updates to students, keeping them informed throughout the process.</li><li>Workshops &amp; Seminars: Conduct workshops and seminars to educate students about the application process and best practices.</li></ul><p></p>', '<p></p><ul><li>Bachelor’s degree in Education, Counseling or a related field.</li></ul><p></p>', 'Application Officer', '1', 'AIMS Education', 'Plaza no 159, Sector DD Phase 4, DHA Lahore Cannt, Lahore, Pakistan', 'https://aimseducation.co.uk', 0, 1, '2025-07-16 03:03:05', '2025-07-21 12:31:33'),
(64, 'Application Officer', 'application-officer-nigeria', 8, 1, 3, 1, NULL, '01 December, 2025', 'Nigeria', '<p>AIMS Education is a premier student consultancy firm dedicated to helping students achieve their academic dreams abroad. We provide personalized guidance and support throughout the application process to ensure our clients secure admissions into prestigious universities worldwide.</p><p><strong>☛Job Summary:</strong></p><p>We are seeking a dynamic and detail-oriented Application Officer to join our team in Nigeria. The ideal candidate will have a passion for education and a keen eye for detail. As an Application Officer, you will play a crucial role in guiding students through the application process, ensuring all documents are accurately prepared and submitted on time.</p><p><br></p><p><strong>☛How to Apply:</strong></p><p>Interested candidates are invited to send their CV and a cover letter outlining their relevant experience and why they are the best fit for this position.</p><p>Join the AIMS Education Nigeria team and make a difference in students’ lives by helping them reach their academic aspirations. We look forward to receiving your application!</p><p>Note: Only shortlisted candidates will be contacted for an interview. AIMS Education is an equal opportunity employer and encourages applications from all qualified individuals.</p>', '<p></p><ul><li>Competitive salary (Negotiable based on experience and qualifications).</li><li>Opportunity to work with a diverse team of professionals.</li><li>Continuous professional development and training.</li><li>Collaborative and supportive work environment.</li></ul><p></p><p><br></p>', '<p></p><ul><li>Assist students in understanding the application requirements for various international universities.</li><li>Review and proofread application documents, including essays, CVs, and recommendation letters.</li><li>Ensure all application materials meet the specific guidelines and standards of the target universities.</li><li>Coordinate with students to gather necessary documents and information.</li><li>Track application deadlines and ensure timely submission of all application materials.</li><li>Provide personalized feedback and support to students throughout the application process.</li><li>Maintain detailed records of each student’s application progress and status.</li><li>Stay updated on changes in application procedures and requirements for international universities.</li></ul><p></p><p><br></p>', '<p></p><ul><li>Bachelor’s degree in Education, Counseling, Business Administration, or a related field.</li><li>Proven experience in a similar role, preferably within an educational consultancy.</li><li>Excellent written and verbal communication skills.</li><li>Strong organizational skills and attention to detail.</li><li>Ability to manage multiple tasks and meet tight deadlines.</li><li>Proficiency in Microsoft Office Suite and familiarity with application management software.</li><li>Passion for helping students achieve their educational goals.</li></ul><p></p><p><br></p>', 'Application Officer', '1', 'AIMS Education', 'Hive Mall, 2nd Floor, 117 T.F. Kuboye Road, Maroko, Lekki, Lagos, 106104, Nigeria', 'https://aimseducation.co.uk', 1, 1, '2025-07-16 03:07:44', '2025-07-21 12:16:50'),
(65, 'International Student Recruitment Officer', 'international-student-recruitment-officer-in-ghana', 1, 1, 3, 2, NULL, '03 December, 2025', 'Ghana', '<p>Are you passionate about fostering diversity, supporting education, and connecting with talented individuals from around the world? We are excited to announce openings for two crucial positions within our dynamic team -International Student Recruitment Officer.</p><p>If you are enthusiastic about shaping the future of education and are ready to contribute your skills to a dynamic team, we invite you to apply!</p><p>To apply, please submit your resume and cover letter detailing your relevant experience. We look forward to welcoming passionate individuals who share our commitment to education and diversity. Join us in making</p>', '<p></p><ul><li>Competitive salary and benefits package.</li><li>Opportunities for professional development and growth.</li><li>A supportive and collaborative work environment.</li><li>The chance to make a significant impact on the lives of students.</li></ul><p></p><p><br></p>', '<p>As an International Student Recruitment Officer, you will be at the forefront of our global outreach efforts. Your key responsibilities will include:</p><p></p><ul><li>&nbsp; &nbsp; Developing and implementing strategies to attract international students.</li><li>&nbsp; &nbsp; Building and maintaining relationships with educational institutions, agents, and organizations worldwide.</li><li>&nbsp; &nbsp; Representing our institution at international events, fairs, and conferences.</li><li>&nbsp; &nbsp; Conducting outreach campaigns to promote our programs to a diverse audience.</li><li>&nbsp; &nbsp; Advising prospective international students on admissions processes and program offerings.</li></ul><p></p><p><br></p>', '<p></p><ul><li>&nbsp; &nbsp; Bachelor’s degree in a relevant field.</li><li>&nbsp; &nbsp; Excellent communication and interpersonal skills.</li><li>&nbsp; &nbsp; Strong organizational and multitasking abilities.</li><li>&nbsp; &nbsp; Familiarity with the higher education system and admission processes.</li><li>&nbsp; &nbsp; Ability to work independently and as part of a team.</li><li>&nbsp; &nbsp; A passion for promoting education and cultural diversity.</li></ul><p></p><p><br></p>', 'International Student Recruitment Officer', '1', 'AIMS Education', 'Unit 13, First Floor, SoroMall, Spintex Rd, Accra, Ghana', 'https://aimseducation.co.uk', 0, 1, '2025-07-16 03:14:27', '2025-07-21 12:17:18');
INSERT INTO `jobs` (`id`, `title`, `slug`, `category_id`, `type_id`, `user_id`, `vacancy`, `salary`, `deadline`, `location`, `description`, `benefits`, `reponsibility`, `qualifications`, `keywords`, `experience`, `company_name`, `company_location`, `company_website`, `isFeatured`, `status`, `created_at`, `updated_at`) VALUES
(66, 'Tele Caller Expert', 'tele-caller-expert', 4, 1, 3, 2, NULL, '04 December, 2025', 'Nigeria', '<p>AIMS Education is a dynamic and growing organization dedicated to assisting students in navigating their educational journey. We provide comprehensive consultancy services to guide students towards their academic and career goals. As a Tele Caller Expert at AIMS Education, you will play a crucial role in expanding our reach and connecting with potential clients.</p><p><strong><br></strong></p><p><strong>Required Skills &amp; Expertise:</strong></p><p></p><ul><li>&nbsp; &nbsp; Marketing</li><li>&nbsp; &nbsp; Sales Marketing</li><li>&nbsp; &nbsp; Salesman</li><li>&nbsp; &nbsp; Talesales</li><li>&nbsp; &nbsp; Telemarketing</li><li>&nbsp; &nbsp; Telemarketing and sales</li><li>&nbsp; &nbsp; Telesales Service</li><li>&nbsp; &nbsp; Workplace</li><li>&nbsp; &nbsp; Work at office</li></ul><p><br></p><p></p><p><strong>Experience</strong></p><p></p><ul><li>1 to 3 years</li><li>The applicants should have experience in the following business area(s): Immigration and Education Consultancy Service, Direct Selling/Marketing Service Company, Call Center</li></ul><p></p><p><strong>Additional Requirements</strong></p><p></p><ul><li>Age 18 to 40 years</li></ul><p></p>', NULL, '<p>Your primary responsibilities will include:</p><p></p><ul><li>&nbsp; &nbsp; Proven experience in telemarketing or a related field.</li><li>&nbsp; &nbsp; Excellent communication and interpersonal skills.</li><li>&nbsp; &nbsp; Ability to articulate the value of our services to potential clients.</li><li>&nbsp; &nbsp; Goal-oriented mindset with a track record of meeting targets.</li><li>&nbsp; &nbsp; Familiarity with the education sector is a plus.</li><li>&nbsp; &nbsp; Conducting outbound calls to prospective students and their families.</li><li>&nbsp; &nbsp; Explaining our consultancy services and addressing inquiries.</li><li>&nbsp; &nbsp; Building and maintaining strong relationships with clients.</li><li>&nbsp; &nbsp; Meeting weekly and monthly targets for lead generation.</li></ul><p></p><p><br></p>', '<p></p><ul><li>Higher Secondary, Bachelor/Honors</li></ul><p></p>', 'Tele Caller Expert', '1', 'AIMS Education', 'Hive Mall, 2nd Floor, 117 T.F. Kuboye Road, Maroko, Lekki, Lagos, 106104, Nigeria', 'https://aimseducation.co.uk', 0, 1, '2025-07-16 03:20:37', '2025-07-21 12:17:37'),
(67, 'Digital Marketing Executive', 'digital-marketing-executive', 5, 1, 3, 1, NULL, '05 December, 2025', 'Kochi, India', '<p>Are you passionate about fostering diversity, supporting education and connecting with talented individuals from around the world? We are excited to announce job opening for Digital Marketing Executive.</p><p><br></p><p><strong>The applicants should have experience in the following business area(s):</strong></p><p></p><ul><li>Consulting Firms, Immigration/Visa Processing</li><li>Additional Requirements: Age 25 to 35 years</li></ul><p></p>', NULL, '<p></p><ul><li>Plans and executes all web, SEO/SEM/SMM, database marketing, email marketing, social media marketing, google AdSense, media buying and display advertising campaigns. Designs, builds and maintains our social media presence.</li><li>Graphic Designing, Motion Graphics, ex: static, dynamic·</li><li>&nbsp;Production ex; Scriptwriting, shooting, post-production·</li><li>Content writing (in English)· Data driven digital marketing ability.</li><li>Measures and reports the performance of all digital marketing campaigns and assesses against goals (ROI and KPIs).</li><li>Identifies trends and insights and optimizes spend and performance based on the insights.</li><li>Brainstorms new and creative growth strategies through digital marketing.</li><li>Plans, executes and measures experiments and conversion tests.</li><li>Collaborates with internal teams to create landing pages and optimize the user experience.</li><li>Utilizes strong analytical ability to evaluate end-to-end customer experience across multiple channels and customer touchpoints.</li><li>Identifies critical conversion points and drop-off points and optimizes user funnels.</li><li>Collaborates with agencies and other vendor partners.</li><li>Evaluates emerging technologies.</li><li>Provides thought leadership and perspective for adoption where appropriate.</li></ul><p></p>', '<p></p><ul><li>Bachelor/Honors</li></ul><p></p>', 'Digital Marketing Executive', '1', 'AIMS Education', 'Unit No. 3A, 3rd Floor, KG Oxford Business Center, Sreekandath Road, Ravipuram, Kochi, Ernakulam District, Kerala 682016', 'https://aimseducation.co.uk', 1, 1, '2025-07-16 03:27:03', '2025-07-21 12:18:02'),
(68, 'Graphic Designer', 'graphics-designer-video-editor-india', 3, 1, 3, 1, NULL, '05 December, 2025', 'Calicut, India', '<p>AIMS Education India is a leading student consultancy firm dedicated to helping students achieve their academic and career goals. We provide comprehensive guidance on educational opportunities, application processes, and career planning. Our dynamic team is passionate about making a positive impact on the lives of students.</p><p>We’re Hiring: <strong>Graphic Designer</strong></p><p>AIMS Education, a leading study abroad consultancy, is expanding in Calicut, and we’re looking for a creative and skilled Graphic Designer to join our team! If you have a passion for design and want to grow in a dynamic environment, this is your opportunity!</p><p><strong>☛Job Description:</strong></p><p>We are seeking a talented and creative Graphics Designer and Video Editor to join our team. The ideal candidate will have a strong eye for design, excellent video editing skills, and a passion for creating engaging visual content. This role involves working closely with our marketing and content teams to produce high-quality graphics and videos that communicate our brand’s message effectively.</p><p><strong><br></strong></p><p><strong>How to Apply?</strong></p><p>Interested candidates are invited to submit their CV, a cover letter</p>', '<p></p><ul><li>&nbsp;Competitive salary</li><li>Career growth opportunities</li><li>Work with a creative and friendly team</li><li>Exciting projects and learning opportunities</li></ul><p></p>', '<p></p><ul><li>Design graphics for social media, websites, and marketing materials</li><li>Edit videos and create motion graphics for promotional content</li><li>Develop branding materials like brochures, posters, and ads</li><li>Enhance images through retouching and color correction</li><li>Work with the marketing team to maintain brand consistency</li><li>Skills &amp; Requirements:</li><li>Minimum 1 year of experience in graphic design</li><li>Proficiency in Adobe Photoshop &amp; Illustrator</li><li>Basic knowledge of video editing &amp; 2D animation</li><li>Creativity and a good sense of color, layout, and typography</li><li>Ability to work in a fast-paced environment and meet deadlines</li></ul><p></p>', NULL, 'Graphic Designer', '1', 'AIMS Education', 'First Floor, City corner complex, West Nadakkave, Vandipetta, Bilathikkulam, Kozhikode, Kerala 673011, India', 'https://aimseducation.co.uk', 0, 1, '2025-07-16 03:33:24', '2025-07-21 12:18:23'),
(69, 'International Student Counsellor', 'student-counsellor-india', 1, 1, 3, 2, NULL, '29 December, 2025', 'Calicut, India', '<p>AIMS Education is a leading study abroad consultancy, helping students secure university admissions in the UK, USA, Canada, EU, and UAE. We are expanding and opening a new branch in Calicut, and we’re looking for passionate and dynamic Senior International Student Counsellors to join our team.</p><p><br></p><p>Apply now and help students turn their dreams into reality!</p>', '<p></p><ul><li>Be part of a fast-growing international education company.</li><li>Work in a supportive and interactive environment.</li><li>Network with top universities and students worldwide.</li><li>Competitive salary, incentives, and career growth opportunities.</li></ul><p></p><p><br></p>', '<p></p><ul><li>Guide students on study opportunities, applications, and visa processes.</li><li>Promote top global universities to potential students.</li><li>Manage student applications and records in the CRM.</li><li>Build strong relationships with students and partner institutions.</li><li>Collaborate with the marketing team to create engaging promotional content.</li></ul><p></p>', '<p></p><ul><li>&nbsp; &nbsp; Minimum 1 years of experience in study abroad counselling.</li><li>&nbsp; &nbsp; A Bachelor’s degree (Business or IT background preferred).</li><li>&nbsp; &nbsp; Excellent communication and persuasion skills.</li><li>&nbsp; &nbsp; Strong customer service and problem-solving abilities.</li><li>&nbsp; &nbsp; Confidence, resilience, and a goal-oriented mindset.</li></ul><p></p><p><br></p>', 'International Student Counsellor', '1', 'AIMS Education', 'First Floor, City corner complex, West Nadakkave, Vandipetta, Bilathikkulam, Kozhikode, Kerala 673011, India', 'https://aimseducation.co.uk', 1, 1, '2025-07-16 03:42:37', '2025-07-21 12:15:12'),
(70, 'Web Designer', 'web-designer', 9, 6, 3, 1, NULL, '01 December, 2025', 'Dhaka, Bangladesh', '<p>We are seeking a Web Designer Intern to join our dynamic team. The ideal candidate will be responsible for creating visually stunning website designs and engaging content for our website that aligns with our brand and helps communicate our message effectively to our audience.</p><p><br></p><p><strong>Skills Required:</strong></p><p></p><ul><li>Proficiency in Figma</li><li>Knowledge of HTML and CSS</li></ul><p></p><p><strong>Work Environment:</strong></p><p></p><ul><li>This is an in-office position</li><li>Office hours are from 9 AM to 5 PM</li></ul><p><strong><br></strong></p><p><strong>How to Apply:</strong></p><p>&nbsp;If you meet the above criteria and are excited about gaining hands-on experience in web design, please send your CV and a cover letter.</p><p></p>', NULL, '<p></p><ul><li>Perform data entry tasks</li><li>Work on designing projects using Figma</li></ul><p></p>', '<p></p><ul><li>B.Sc./Diploma in CSE</li><li>Minimum CGPA of 3.5 or equivalent</li></ul><p></p>', 'Web Designer', '1', 'AIMS Education', 'Islam Tower, 102, Sukrabad Mirpur Rd, Dhanmondi, Dhaka-1207, Bangladesh', 'https://aimseducation.co.uk', 0, 1, '2025-07-16 03:53:14', '2025-07-21 12:14:45'),
(71, 'Sale Executive', 'sale-executive', 10, 1, 3, 10, NULL, '01 December, 2025', 'Sylhet, Chattogram', '<p>A well-reputed educational and education support organisation named; AIMS Academy, AIMS English and AIMS Education. We have over 130+ people working in a number of positions in Bangladesh. We offer an excellent salary, Provident Fund, Top Up and bonus package along with a work-life balance job. Currently, we are looking for Sale Executive to sell our courses for AIMS Academy and AIMS English for both Sylhet and Chattogram Branches.</p><p><strong>Skills Required:&nbsp;</strong></p><p></p><ul><li>Computer, Counseling, Good commend in English and IELTS Score could be preferred.</li></ul><p></p><p><strong>Experience Requirements</strong></p><p></p><ul><li>Candidate must have experience at least 1 year(s)</li><li>The applicants should have experience in the following business area(s):</li><li>Immigration &amp; Education Consultancy Service</li></ul><p><br></p><p><strong>Additional Requirements</strong></p><p></p><p></p><ul><li>Age 20 to 35 years</li><li>Highly dedicated and challenge taking.</li><li>Presentable, self-motivated and target oriented approach.</li><li>Ability to establish &amp; maintain good rapport with students.</li><li>Ability to communicate effectively with students of all ages and social background.</li><li>Apply Procedure</li></ul><p></p>', '<p></p><ul><li>Compensation &amp; Other Benefits</li><li>Provident Fund</li><li>Company Top-Up</li><li>Commission on Student recruitment</li><li>Incentive on target fill up (Yearly)</li><li>2 Festival Bonuses</li><li>Mobile and Mobile bill, Tour allowance, Performance bonus</li></ul><p></p>', '<p></p><ul><li>Excellent communication skills</li><li>Education Counseling and Sales</li><li>Students profile assessment</li><li>Partner communications</li><li>Counseling local &amp; international students directly, over phone &amp; social media.</li><li>Email communication.</li><li>Outsourcing</li><li>Can Operate CRM online activity.</li><li>Had to do other official tasks which are given by Management.</li></ul><p></p>', '<p></p><ul><li>Master and Bachelor degree in any discipline.</li></ul><p></p>', 'Sale Executive', '1', 'AIMS Academy and AIMS English', 'ABC Point, Uposhahar, Sylhet, Bangladesh', 'https://www.aims-academy.com', 0, 1, '2025-07-16 04:02:53', '2025-07-21 12:13:54'),
(72, 'International Student Recruitment Officer', 'international-student-recruitment-officer', 1, 1, 3, NULL, NULL, NULL, 'Southend-on-Sea', '<p><strong>Skills Requirements:</strong></p><p></p><ul><li>Can persuade and influence, gain leverage over others, persistent, resilient, and confident in their ability to close deals.</li><li>Provide first-class customer service.</li><li>Excellent communication, interpersonal, problem-solving, presentation, and organisational skills.</li><li>Proven success rate at levels above quotas and sales goals.</li><li>Must be computer literate</li><li>Education Background:</li></ul><p></p><p><br></p><p><strong>Language Requirements:</strong></p><p></p><ul><li>Fluent in English.</li></ul><p><br></p><p></p><p><span style=\"font-size: 16px;\">Ideal candidate can be offered Skilled Worker Visa</span></p>', NULL, '<p></p><ul><li>Advise students on study opportunities in the UK, Canada, and Australia.</li><li>Advise students on the application and visa application procedures and guide the student through all processes until enrolment is complete.</li><li>Market and promote educational institutions represented by the company to students.</li><li>Maintain an accurate ledger of student details and applications in the CRM system.</li><li>Liaise with university students, other offices, and client institutions.</li><li>Create and build relationships with university students.</li><li>Create personal marketing strategies to engage clients.</li><li>Complete accurate administrative tasks for the role.</li><li>&nbsp;<strong>The Candidate:</strong></li></ul><p></p><p>Our ideal candidate will be a real people person, have a positive, can-do attitude and the willingness to achieve and succeed in their work. A background in student recruitment is not necessary as full training will be provided. The ideal candidate will be customer-focused and driven to meet and exceed targets.</p>', '<p>An undergraduate degree from any reputable University. An applicant from a Business, Marketing, English or IT background will be preferable.</p>', 'International Student Recruitment Officer', '1', 'AIMS Education', 'Princess Caroline House (Ground Floor), 1 High St, Southend-on-Sea SS1 1JE, United Kingdom', 'https://aimseducation.co.uk', 0, 0, '2025-07-16 04:20:27', '2025-07-16 04:44:21'),
(73, 'Brand Ambassador', 'brand-ambassador', 2, 4, 3, 20, NULL, '22 December, 2025', 'Anywhere', '<p>We seek some outgoing and enthusiastic individual, who is passionate about our brand and can effectively communicate our message to the public.</p><p>As a brand ambassador, you will represent our company and promote our services to potential clients. Your role is crucial in building brand awareness and loyalty, increasing sales and creating a positive image for our company.</p><p>In this position, you will have the opportunity to use your creativity and networking skills to create a strong brand presence across various channels, including social media, events and community outreach programs.</p><p>If you are a natural communicator who enjoys building relationships and has a keen eye for marketing, we encourage you to apply for this exciting opportunity.</p><p><br></p><p><strong>Start Date:</strong> Immediate Start</p><p><strong>Employment Type: </strong>Voluntary</p><p><strong>Salary: </strong>Commission/incentive base</p>', NULL, '<p></p><ul><li>Representing the company at various events and functions</li><li>Establishing and maintaining business relationships with the audience, especially at school, colleges and Universities.</li><li>Building up marketing campaigns, ideating content and responding to posts that will build up a community of followers.</li><li>Collaborating with the marketing team to develop new strategies for increasing brand awareness and sales.</li><li>Required Skills and qualifications</li><li>Student at degree or master level or recently completed</li><li>Strong understanding of marketing principles and techniques.</li><li>Vast Knowledge and experience with using social media and other marketing channels.</li><li>Able to create social media content</li><li>Excellent communication and interpersonal skills.</li><li>Ability to build and maintain relationships with customers and industry professionals.</li></ul><p></p>', NULL, 'Brand Ambassador', '1', 'AIMS Education', 'Princess Caroline House (Ground Floor), 1 High St, Southend-on-Sea SS1 1JE, United Kingdom', 'https://aimseducation.co.uk', 1, 1, '2025-07-16 04:43:56', '2025-07-21 11:18:36');

-- --------------------------------------------------------

--
-- Table structure for table `migrations`
--

CREATE TABLE IF NOT EXISTS `migrations` (
  `id` int(10) UNSIGNED NOT NULL AUTO_INCREMENT,
  `migration` varchar(255) NOT NULL,
  `batch` int(11) NOT NULL,
  PRIMARY KEY (`id`)
) ENGINE=InnoDB AUTO_INCREMENT=16 DEFAULT CHARSET=utf8mb4 COLLATE=utf8mb4_unicode_ci;

--
-- Dumping data for table `migrations`
--

INSERT INTO `migrations` (`id`, `migration`, `batch`) VALUES
(1, '2014_10_12_000000_create_users_table', 1),
(2, '2014_10_12_100000_create_password_reset_tokens_table', 1),
(3, '2019_08_19_000000_create_failed_jobs_table', 1),
(4, '2019_12_14_000001_create_personal_access_tokens_table', 1),
(5, '2025_07_07_083104_create_categories_table', 1),
(6, '2025_07_07_091530_create_types_table', 1),
(7, '2025_07_07_092255_create_jobs_table', 2),
(8, '2025_07_07_110512_add_featured_to_jobs_table', 3),
(9, '2025_07_08_044708_add_user_id_to_jobs_table', 4),
(10, '2025_07_09_131457_create_applications_table', 5),
(11, '2025_07_10_101345_create_saved_jobs_table', 6),
(12, '2025_07_10_172643_add_role_to_users_table', 7),
(13, '2025_07_15_083822_add_cv_and_cover_letter_status_fields_to_users_table', 8),
(14, '2025_07_17_061134_add_address_to_users_table', 9),
(15, '2025_07_21_103025_add_deadline_field_to_jobs_table', 10);

-- --------------------------------------------------------

--
-- Table structure for table `password_reset_tokens`
--

CREATE TABLE IF NOT EXISTS `password_reset_tokens` (
  `email` varchar(255) NOT NULL,
  `token` varchar(255) NOT NULL,
  `created_at` timestamp NULL DEFAULT NULL,
  PRIMARY KEY (`email`)
) ENGINE=InnoDB DEFAULT CHARSET=utf8mb4 COLLATE=utf8mb4_unicode_ci;

--
-- Dumping data for table `password_reset_tokens`
--

INSERT INTO `password_reset_tokens` (`email`, `token`, `created_at`) VALUES
('user2@gmail.com', '8F1ZzqcXXv', '2025-07-11 09:56:50');

-- --------------------------------------------------------

--
-- Table structure for table `personal_access_tokens`
--

CREATE TABLE IF NOT EXISTS `personal_access_tokens` (
  `id` bigint(20) UNSIGNED NOT NULL AUTO_INCREMENT,
  `tokenable_type` varchar(255) NOT NULL,
  `tokenable_id` bigint(20) UNSIGNED NOT NULL,
  `name` varchar(255) NOT NULL,
  `token` varchar(64) NOT NULL,
  `abilities` text DEFAULT NULL,
  `last_used_at` timestamp NULL DEFAULT NULL,
  `expires_at` timestamp NULL DEFAULT NULL,
  `created_at` timestamp NULL DEFAULT NULL,
  `updated_at` timestamp NULL DEFAULT NULL,
  PRIMARY KEY (`id`),
  UNIQUE KEY `personal_access_tokens_token_unique` (`token`),
  KEY `personal_access_tokens_tokenable_type_tokenable_id_index` (`tokenable_type`,`tokenable_id`)
) ENGINE=InnoDB DEFAULT CHARSET=utf8mb4 COLLATE=utf8mb4_unicode_ci;

-- --------------------------------------------------------

--
-- Table structure for table `saved_jobs`
--

CREATE TABLE IF NOT EXISTS `saved_jobs` (
  `id` bigint(20) UNSIGNED NOT NULL AUTO_INCREMENT,
  `job_id` bigint(20) UNSIGNED NOT NULL,
  `user_id` bigint(20) UNSIGNED NOT NULL,
  `created_at` timestamp NULL DEFAULT NULL,
  `updated_at` timestamp NULL DEFAULT NULL,
  PRIMARY KEY (`id`),
  KEY `saved_jobs_job_id_foreign` (`job_id`),
  KEY `saved_jobs_user_id_foreign` (`user_id`)
) ENGINE=InnoDB AUTO_INCREMENT=7 DEFAULT CHARSET=utf8mb4 COLLATE=utf8mb4_unicode_ci;

--
-- Dumping data for table `saved_jobs`
--

INSERT INTO `saved_jobs` (`id`, `job_id`, `user_id`, `created_at`, `updated_at`) VALUES
(6, 61, 5, '2025-07-19 08:21:59', '2025-07-19 08:21:59');

-- --------------------------------------------------------

--
-- Table structure for table `types`
--

CREATE TABLE IF NOT EXISTS `types` (
  `id` bigint(20) UNSIGNED NOT NULL AUTO_INCREMENT,
  `name` varchar(255) NOT NULL,
  `slug` varchar(255) DEFAULT NULL,
  `status` int(11) NOT NULL DEFAULT 1,
  `created_at` timestamp NULL DEFAULT NULL,
  `updated_at` timestamp NULL DEFAULT NULL,
  PRIMARY KEY (`id`)
) ENGINE=InnoDB AUTO_INCREMENT=7 DEFAULT CHARSET=utf8mb4 COLLATE=utf8mb4_unicode_ci;

--
-- Dumping data for table `types`
--

INSERT INTO `types` (`id`, `name`, `slug`, `status`, `created_at`, `updated_at`) VALUES
(1, 'Full Time', NULL, 1, '2025-07-07 03:36:32', '2025-07-07 03:36:32'),
(2, 'Part Time', NULL, 1, '2025-07-07 03:36:32', '2025-07-07 03:36:32'),
(3, 'Freelance', NULL, 1, '2025-07-07 03:36:32', '2025-07-07 03:36:32'),
(4, 'Remote', NULL, 1, '2025-07-07 03:36:32', '2025-07-07 03:36:32'),
(5, 'Contract', NULL, 1, '2025-07-07 03:36:32', '2025-07-07 03:36:32'),
(6, 'Internship ', NULL, 1, '2025-07-07 03:36:32', '2025-07-07 03:36:32');

-- --------------------------------------------------------

--
-- Table structure for table `users`
--

CREATE TABLE IF NOT EXISTS `users` (
  `id` bigint(20) UNSIGNED NOT NULL AUTO_INCREMENT,
  `name` varchar(255) NOT NULL,
  `email` varchar(255) NOT NULL,
  `email_verified_at` timestamp NULL DEFAULT NULL,
  `password` varchar(255) NOT NULL,
  `image` varchar(255) DEFAULT NULL,
  `designation` varchar(255) DEFAULT NULL,
  `mobile` varchar(255) DEFAULT NULL,
  `address` varchar(255) DEFAULT NULL,
  `cv` varchar(255) DEFAULT NULL,
  `cover_letter` text DEFAULT NULL,
  `status` int(11) NOT NULL DEFAULT 1,
  `role` enum('admin','employer','user') NOT NULL DEFAULT 'user',
  `remember_token` varchar(100) DEFAULT NULL,
  `created_at` timestamp NULL DEFAULT NULL,
  `updated_at` timestamp NULL DEFAULT NULL,
  PRIMARY KEY (`id`),
  UNIQUE KEY `users_email_unique` (`email`)
) ENGINE=InnoDB AUTO_INCREMENT=10 DEFAULT CHARSET=utf8mb4 COLLATE=utf8mb4_unicode_ci;

--
-- Dumping data for table `users`
--

INSERT INTO `users` (`id`, `name`, `email`, `email_verified_at`, `password`, `image`, `designation`, `mobile`, `address`, `cv`, `cover_letter`, `status`, `role`, `remember_token`, `created_at`, `updated_at`) VALUES
(3, 'Shefat', 'shefat@aimseducation.co.uk', NULL, '$2y$10$R2zMZm9yJJH0zxPg8SmP2e0G4EvuaHWBkYruKNe2LbgTctgjOesDC', '3-1752322954.png', 'Admin', '017000056', NULL, NULL, NULL, 1, 'admin', NULL, '2025-07-10 11:37:51', '2025-07-17 12:16:34'),
(5, 'Sharon  Eboso Minayo', 'sharonminayo22@gmail.com', NULL, '$2y$10$EYJ37LQR80H1qBS62g1CheH.RBnXajoTnJfdIvxFfPT0QghCpNpnW', NULL, NULL, '0727683174', '6042 00100 NAIROBI KENYA', '5-1752911428.pdf', '<p data-start=\"171\" data-end=\"280\"><strong data-start=\"171\" data-end=\"194\">haron Eboso Minayo</strong><br data-start=\"194\" data-end=\"197\">\r\n6042&nbsp;</p><p data-start=\"171\" data-end=\"280\">00100 GPO<br data-start=\"206\" data-end=\"209\">\r\nNairobi, Kenya<br data-start=\"223\" data-end=\"226\">\r\n<a data-start=\"226\" data-end=\"250\" class=\"cursor-pointer\" rel=\"noopener\">sharonminayo22@gmail.com</a><br data-start=\"250\" data-end=\"253\">\r\n0727683174<br data-start=\"263\" data-end=\"266\">\r\n19 July 2025</p><p data-start=\"282\" data-end=\"405\"><strong data-start=\"282\" data-end=\"300\">Hiring Manager</strong><br data-start=\"300\" data-end=\"303\">\r\nAIMS Education Nairobi<br data-start=\"325\" data-end=\"328\">\r\nNairobi, Kenya<br data-start=\"342\" data-end=\"345\">\r\n<a data-start=\"345\" data-end=\"403\" class=\"\" rel=\"noopener\" target=\"_new\" href=\"https://aimseducation.co.uk\">https://aimseducation.co.uk</a></p><p data-start=\"407\" data-end=\"422\">Dear Sir/Madam,</p><p data-start=\"424\" data-end=\"474\"><strong data-start=\"424\" data-end=\"474\">Re: Application for Student&nbsp; Senior Counselor Position</strong></p><p data-start=\"476\" data-end=\"777\">I am writing to express my interest in the Student&nbsp; Senior Counselor position at <strong data-start=\"549\" data-end=\"575\">AIMS Education Nairobi</strong>. I hold a Bachelor of Arts degree and have over six years of experience in student counseling and visa application services for key study destinations such as the United Kingdom, Australia, and Canada.</p><p data-start=\"779\" data-end=\"1275\">Over the years, I have successfully guided an average of 50 students annually into well-regarded international institutions. My expertise lies in providing end-to-end support—from helping students choose the right programs and universities to preparing strong applications and ensuring successful visa submissions. I am passionate about empowering students to achieve their academic goals abroad and pride myself on offering accurate, up-to-date, and personalized guidance throughout the process.</p><p data-start=\"1277\" data-end=\"1544\">AIMS Education’s commitment to excellence and student-focused approach resonates strongly with my own professional values. I am enthusiastic about the opportunity to contribute to your team and support your mission of guiding students toward brighter, global futures.</p><p data-start=\"1546\" data-end=\"1730\">Thank you for considering my application. I have attached my CV for your review and would be delighted to discuss further how I can contribute to the success of AIMS Education Nairobi.</p><p>\r\n\r\n\r\n\r\n\r\n\r\n\r\n\r\n</p><p data-start=\"1732\" data-end=\"1774\">Yours sincerely,<br data-start=\"1748\" data-end=\"1751\">\r\n<strong data-start=\"1751\" data-end=\"1774\">Sharon Eboso Minayo</strong></p>', 1, 'user', NULL, '2025-07-19 07:22:12', '2025-07-19 08:42:52'),
(6, 'Phoebe D. Sarpong', 'pdwumfour97@gmail.com', NULL, '$2y$10$b59ocjtYZn/3QdKKUF5h8eVIYcOSQRB.AmyqvqGC5lCQ9wORur8fS', NULL, NULL, '0591860630', '112/7 1st Asjuma, Teshie- Malik', '6-1753094489.pdf', '<p data-start=\"201\" data-end=\"221\">Dear Hiring Manager,</p><p data-start=\"223\" data-end=\"507\">I am excited to apply for the Student Counsellor position at AIMS Education Ghana. With hands-on experience in international student advisory services and a deep passion for helping students achieve their academic dreams, I believe I would be a valuable addition to your dynamic team.</p><p data-start=\"509\" data-end=\"938\">In my current role at ACE Study Abroad, I have successfully guided students through the entire journey of studying abroad—from academic counseling to university selection and visa application—for destinations including the UK, USA, Canada, Australia, and Europe. My strength lies in building strong relationships with students, ensuring personalized guidance, and maintaining a high success rate in admissions and visa approvals.</p><p data-start=\"940\" data-end=\"1325\">I hold a Bachelor’s degree in Business Administration and a CIM UK Level 4 certification, which supports my strategic and client-centered approach. I am detail-oriented, tech-savvy, and well-versed in international education systems. I am confident in my ability to engage with students, collaborate with institutional partners, and contribute meaningfully to AIMS Education’s mission.</p><p data-start=\"1327\" data-end=\"1510\">Thank you for considering my application. I look forward to the opportunity to contribute to your team and support students in unlocking life-changing opportunities through education.</p><p>\r\n\r\n\r\n\r\n\r\n</p><p data-start=\"1512\" data-end=\"1548\">Sincerely,<br data-start=\"1522\" data-end=\"1525\">\r\nSarpong Phoebe Dwumfour</p>', 1, 'user', NULL, '2025-07-21 10:39:10', '2025-07-21 10:44:54'),
(8, 'Marketing', 'marketing@aimseducation.co.uk', NULL, '$2y$10$Rzl7iH9raY54F8Glu1byJOaugmYX4PPxifVh1iWG7jHoBsmyyFziu', NULL, 'Admin', NULL, NULL, NULL, NULL, 1, 'admin', NULL, '2025-07-25 05:01:45', '2025-07-25 05:03:46'),
(9, 'Lutfor', 'lutfor@aims-education.com', NULL, '$2y$10$/l45Uw67Yr/Jn2729ZPRBuBeUeo4Fdhavmx13WPnsw/8WKA5IbKuW', NULL, 'Admin', NULL, NULL, NULL, NULL, 1, 'admin', NULL, '2025-07-25 05:04:59', '2025-07-25 05:06:48');

--
-- Constraints for dumped tables
--

--
-- Constraints for table `applications`
--
ALTER TABLE `applications`
  ADD CONSTRAINT `applications_employer_id_foreign` FOREIGN KEY (`employer_id`) REFERENCES `users` (`id`) ON DELETE CASCADE,
  ADD CONSTRAINT `applications_job_id_foreign` FOREIGN KEY (`job_id`) REFERENCES `jobs` (`id`) ON DELETE CASCADE,
  ADD CONSTRAINT `applications_user_id_foreign` FOREIGN KEY (`user_id`) REFERENCES `users` (`id`) ON DELETE CASCADE;

--
-- Constraints for table `jobs`
--
ALTER TABLE `jobs`
  ADD CONSTRAINT `jobs_category_id_foreign` FOREIGN KEY (`category_id`) REFERENCES `categories` (`id`) ON DELETE CASCADE,
  ADD CONSTRAINT `jobs_type_id_foreign` FOREIGN KEY (`type_id`) REFERENCES `types` (`id`) ON DELETE CASCADE,
  ADD CONSTRAINT `jobs_user_id_foreign` FOREIGN KEY (`user_id`) REFERENCES `users` (`id`) ON DELETE CASCADE;

--
-- Constraints for table `saved_jobs`
--
ALTER TABLE `saved_jobs`
  ADD CONSTRAINT `saved_jobs_job_id_foreign` FOREIGN KEY (`job_id`) REFERENCES `jobs` (`id`) ON DELETE CASCADE,
  ADD CONSTRAINT `saved_jobs_user_id_foreign` FOREIGN KEY (`user_id`) REFERENCES `users` (`id`) ON DELETE CASCADE;
COMMIT;

/*!40101 SET CHARACTER_SET_CLIENT=@OLD_CHARACTER_SET_CLIENT */;
/*!40101 SET CHARACTER_SET_RESULTS=@OLD_CHARACTER_SET_RESULTS */;
/*!40101 SET COLLATION_CONNECTION=@OLD_COLLATION_CONNECTION */;
